Model_Name,Model_accuray,Model_r2_score,Model_mse,Model_rmse,Model_mape
LinearRigression,96.93,0.7702890467942783,0.19834742284464005,0.44536212551657334,0.03067537098904565
Ridge,96.93,0.7702851462315656,0.19835079084495053,0.4453659066935305,0.03069925743236018
Lasso,92.98,0.2733473204790061,0.6274393287509604,0.7921106796092074,0.07018106970001191
SVR,95.58,0.3661810168800137,0.547280659008333,0.7397841975930095,0.04421780551656435
DecisionTreeRegressor,99.95,0.9946872830482067,0.004587346406366195,0.06772995206233498,0.00048622570696935113
RandomForestRegressor,99.14,0.9701388224258194,0.02578408879632542,0.16057424698975056,0.00862718332872835
AdaBoostRegressor,95.84,0.7353128252466452,0.2285481743020738,0.4780671232181458,0.04162823870495022
XGBRegressor,99.61,0.991585472889994,0.007265651652367477,0.08523879194573018,0.003915047149706681
CatBoostRegressor,98.81,0.9523079761166271,0.04118040474561234,0.20292955611643254,0.011891166213064405
